-- SEEDER UNTUK TABEL MAHASISWA (DENGAN HASHED PASSWORD) --
INSERT INTO Mahasiswa (NRP, Nama, Email_mhs, no_hp_mhs, prodi_mhs, username_mhs, password_mhs) VALUES ('NRP000', 'Nama0', 'email0@student.com', '08123000000', 'Prodi0', 'user0', '$2y$10$RAAbFZ/Y7gOGiboXqJdURuOH2.GY3MgrEYKe.P0DmtuZ0ihYq/Pnm');
INSERT INTO Mahasiswa (NRP, Nama, Email_mhs, no_hp_mhs, prodi_mhs, username_mhs, password_mhs) VALUES ('NRP001', 'Nama1', 'email1@student.com', '08123000001', 'Prodi1', 'user1', '$2y$10$3ZwRV.FjQoXvYPlle.jSXOiUgIiSAliT3RHkQ6nw9nGVn9nk0ppQK');
INSERT INTO Mahasiswa (NRP, Nama, Email_mhs, no_hp_mhs, prodi_mhs, username_mhs, password_mhs) VALUES ('NRP002', 'Nama2', 'email2@student.com', '08123000002', 'Prodi2', 'user2', '$2y$10$PfwsYP5VXBtPPx3p.ZJeSuWAA2O/3/8lLnWimOdieHuxQEVJAnc3G');
INSERT INTO Mahasiswa (NRP, Nama, Email_mhs, no_hp_mhs, prodi_mhs, username_mhs, password_mhs) VALUES ('NRP003', 'Nama3', 'email3@student.com', '08123000003', 'Prodi3', 'user3', '$2y$10$SnPNm0qr8YZ.RCXSDCQhN.XLfU4QsWDEuu77r2CxrXDJHrPIYacR6');
INSERT INTO Mahasiswa (NRP, Nama, Email_mhs, no_hp_mhs, prodi_mhs, username_mhs, password_mhs) VALUES ('NRP004', 'Nama4', 'email4@student.com', '08123000004', 'Prodi4', 'user4', '$2y$10$Pgbecx2hXmSaR4JSRDzT9OmHC93UmcP6vKDOQUpsxGHMfowzSMofO');
INSERT INTO Mahasiswa (NRP, Nama, Email_mhs, no_hp_mhs, prodi_mhs, username_mhs, password_mhs) VALUES ('NRP005', 'Nama5', 'email5@student.com', '08123000005', 'Prodi0', 'user5', '$2y$10$/lYG8rcNIfkgoJ8cHGnfz.QHJL1q6CTC7yN62jGZrLjGdIl6WzzWi');
INSERT INTO Mahasiswa (NRP, Nama, Email_mhs, no_hp_mhs, prodi_mhs, username_mhs, password_mhs) VALUES ('NRP006', 'Nama6', 'email6@student.com', '08123000006', 'Prodi1', 'user6', '$2y$10$UX49GIktsToL8ZKFlhtfD.i.8ESZ.BrMgeWUNbDhbE./D2FGQwH5m');
INSERT INTO Mahasiswa (NRP, Nama, Email_mhs, no_hp_mhs, prodi_mhs, username_mhs, password_mhs) VALUES ('NRP007', 'Nama7', 'email7@student.com', '08123000007', 'Prodi2', 'user7', '$2y$10$rz1qHuYt1ZAkAwQerVSB3eHQ1i6NYWv4Ii8/lNw8GoQaE.71BbMXe');
INSERT INTO Mahasiswa (NRP, Nama, Email_mhs, no_hp_mhs, prodi_mhs, username_mhs, password_mhs) VALUES ('NRP008', 'Nama8', 'email8@student.com', '08123000008', 'Prodi3', 'user8', '$2y$10$RLlyJOsoVDLWECCgoni/8epX.5c.ek51rTrKEwL2gF/I0n2XGnuP2');
INSERT INTO Mahasiswa (NRP, Nama, Email_mhs, no_hp_mhs, prodi_mhs, username_mhs, password_mhs) VALUES ('NRP009', 'Nama9', 'email9@student.com', '08123000009', 'Prodi4', 'user9', '$2y$10$n2pfx8c68HhE/0oVPiwZD.1kzNxYSSAq.23mdlQByU5Jo4DyKShkS');
INSERT INTO Mahasiswa (NRP, Nama, Email_mhs, no_hp_mhs, prodi_mhs, username_mhs, password_mhs) VALUES ('NRP010', 'Nama10', 'email10@student.com', '08123000010', 'Prodi0', 'user10', '$2y$10$J3S8lgEZWUd8JfWgM8nOSuSfT9pCjRaIRdIThSxDKhEjdED86sPBu');
INSERT INTO Mahasiswa (NRP, Nama, Email_mhs, no_hp_mhs, prodi_mhs, username_mhs, password_mhs) VALUES ('NRP011', 'Nama11', 'email11@student.com', '08123000011', 'Prodi1', 'user11', '$2y$10$yK0b.6pgfhYpW7NFX4a1puVhYYCApAWxfWNrU.7lm7CZw9ONWiCA2');
INSERT INTO Mahasiswa (NRP, Nama, Email_mhs, no_hp_mhs, prodi_mhs, username_mhs, password_mhs) VALUES ('NRP012', 'Nama12', 'email12@student.com', '08123000012', 'Prodi2', 'user12', '$2y$10$gUV.SPiH41p5pESX.gopceUAeFpP6ZbQl63RJg2Ry/n2HJfYaMs8C');
INSERT INTO Mahasiswa (NRP, Nama, Email_mhs, no_hp_mhs, prodi_mhs, username_mhs, password_mhs) VALUES ('NRP013', 'Nama13', 'email13@student.com', '08123000013', 'Prodi3', 'user13', '$2y$10$vw5HKb/Pr1CaSC3EyASSxePFfEJ1pojWCK407NaOEsM//17sNyPWm');
INSERT INTO Mahasiswa (NRP, Nama, Email_mhs, no_hp_mhs, prodi_mhs, username_mhs, password_mhs) VALUES ('NRP014', 'Nama14', 'email14@student.com', '08123000014', 'Prodi4', 'user14', '$2y$10$SMNgJeEB9g3GqYi5qB1CFu99eJv0ASH2jK8tUDUA7iBtr6VfVM5DW');
INSERT INTO Mahasiswa (NRP, Nama, Email_mhs, no_hp_mhs, prodi_mhs, username_mhs, password_mhs) VALUES ('NRP015', 'Nama15', 'email15@student.com', '08123000015', 'Prodi0', 'user15', '$2y$10$tik6e4E8V6BHkHd8TXMvB.u/VvuiSqL.dWqVuU13RUTN/BaV6ue82');
INSERT INTO Mahasiswa (NRP, Nama, Email_mhs, no_hp_mhs, prodi_mhs, username_mhs, password_mhs) VALUES ('NRP016', 'Nama16', 'email16@student.com', '08123000016', 'Prodi1', 'user16', '$2y$10$CZSqji2hMN15U0xT7CvAJuXXZp8XPUI717G9s6SE64tT2SN9mdTR6');
INSERT INTO Mahasiswa (NRP, Nama, Email_mhs, no_hp_mhs, prodi_mhs, username_mhs, password_mhs) VALUES ('NRP017', 'Nama17', 'email17@student.com', '08123000017', 'Prodi2', 'user17', '$2y$10$JR69DazSpiIMTNvTlQKrn.GgQuV34YQDO3pHAsyFMuu5aMxR4D6Bq');
INSERT INTO Mahasiswa (NRP, Nama, Email_mhs, no_hp_mhs, prodi_mhs, username_mhs, password_mhs) VALUES ('NRP018', 'Nama18', 'email18@student.com', '08123000018', 'Prodi3', 'user18', '$2y$10$x842Te4dxHABTxS8MH6Bhe8Xg1in.leeL9OMMnaacAQ.kQ9lVLktS');
INSERT INTO Mahasiswa (NRP, Nama, Email_mhs, no_hp_mhs, prodi_mhs, username_mhs, password_mhs) VALUES ('NRP019', 'Nama19', 'email19@student.com', '08123000019', 'Prodi4', 'user19', '$2y$10$SPG3UQZBx6DP8AMhKJgSLeHpkYZ4/FSmA.65qggT0H/hwwj/rRElG');


-- SEEDER UNTUK TABEL PEGAWAI (DENGAN HASHED PASSWORD) --
INSERT INTO Pegawai (ID_pegawai, nama_pegawai, email_pegawai, no_hp_pegawai, jabatan_pegawai, username, password) VALUES ('PGW000', 'Pegawai0', 'pegawai0@staff.com', '08213000000', 'Jabatan0', 'user_pg0', '$2y$10$ML/jtnCwlgWzabBaHgUAL.s6d7WhdQq52JZ5nbNX.4p6TvUxB12de');
INSERT INTO Pegawai (ID_pegawai, nama_pegawai, email_pegawai, no_hp_pegawai, jabatan_pegawai, username, password) VALUES ('PGW001', 'Pegawai1', 'pegawai1@staff.com', '08213000001', 'Jabatan1', 'user_pg1', '$2y$10$mAY4Wn4AZj/wPsdds2XfV.axRtrqVk7ASdi73YxQYg4AjNDOfZOQC');
INSERT INTO Pegawai (ID_pegawai, nama_pegawai, email_pegawai, no_hp_pegawai, jabatan_pegawai, username, password) VALUES ('PGW002', 'Pegawai2', 'pegawai2@staff.com', '08213000002', 'Jabatan2', 'user_pg2', '$2y$10$j/d3Wmsgb0g8JbwsiHnrw.H./UFEY6uTrrCIivMxx0C17vntqCu.S');
INSERT INTO Pegawai (ID_pegawai, nama_pegawai, email_pegawai, no_hp_pegawai, jabatan_pegawai, username, password) VALUES ('PGW003', 'Pegawai3', 'pegawai3@staff.com', '08213000003', 'Jabatan0', 'user_pg3', '$2y$10$5o56872yQcvR.ngQOPIwceRCmvWROTAftCbMCzkSyH38UyaXSwOJi');
INSERT INTO Pegawai (ID_pegawai, nama_pegawai, email_pegawai, no_hp_pegawai, jabatan_pegawai, username, password) VALUES ('PGW004', 'Pegawai4', 'pegawai4@staff.com', '08213000004', 'Jabatan1', 'user_pg4', '$2y$10$TXWcqQ6BvBj2AAGcO6L4BeeRRta0Od0PGkk0N1FWQTsj.Wprhq0Yy');
INSERT INTO Pegawai (ID_pegawai, nama_pegawai, email_pegawai, no_hp_pegawai, jabatan_pegawai, username, password) VALUES ('PGW005', 'Pegawai5', 'pegawai5@staff.com', '08213000005', 'Jabatan2', 'user_pg5', '$2y$10$NTapa3tRKBEyykS4NU6fROn4XNxu/LVG3QIpo6sde8MoJkGz2dJMm');
INSERT INTO Pegawai (ID_pegawai, nama_pegawai, email_pegawai, no_hp_pegawai, jabatan_pegawai, username, password) VALUES ('PGW006', 'Pegawai6', 'pegawai6@staff.com', '08213000006', 'Jabatan0', 'user_pg6', '$2y$10$j/bZ08HdgYtzWwEREBdxBOtxKtHPnrjAej6H2dvUbY61iGYtOiibS');
INSERT INTO Pegawai (ID_pegawai, nama_pegawai, email_pegawai, no_hp_pegawai, jabatan_pegawai, username, password) VALUES ('PGW007', 'Pegawai7', 'pegawai7@staff.com', '08213000007', 'Jabatan1', 'user_pg7', '$2y$10$H5KVNO0wHlOI.0ss1TxiJeV24DYgY9kN4R6id1b5z/Ol9gMpcsak.');
INSERT INTO Pegawai (ID_pegawai, nama_pegawai, email_pegawai, no_hp_pegawai, jabatan_pegawai, username, password) VALUES ('PGW008', 'Pegawai8', 'pegawai8@staff.com', '08213000008', 'Jabatan2', 'user_pg8', '$2y$10$ajMXSmta6yUGJe5gFFKjhO92shS/K5HqJ4438YlVQI.IzobnMoUjm');
INSERT INTO Pegawai (ID_pegawai, nama_pegawai, email_pegawai, no_hp_pegawai, jabatan_pegawai, username, password) VALUES ('PGW009', 'Pegawai9', 'pegawai9@staff.com', '08213000009', 'Jabatan0', 'user_pg9', '$2y$10$LV.RWE4HS0wk0DfUrQvfeONkFUXfOugl4biVLgzDQh2RdfcmimW2K');
INSERT INTO Pegawai (ID_pegawai, nama_pegawai, email_pegawai, no_hp_pegawai, jabatan_pegawai, username, password) VALUES ('PGW010', 'Pegawai10', 'pegawai10@staff.com', '08213000010', 'Jabatan1', 'user_pg10', '$2y$10$l2mztBg7Oo6jLcjevBSaJOkmEl06VXH6m/xUKbPOJkHiLb.wDH9Tm');
INSERT INTO Pegawai (ID_pegawai, nama_pegawai, email_pegawai, no_hp_pegawai, jabatan_pegawai, username, password) VALUES ('PGW011', 'Pegawai11', 'pegawai11@staff.com', '08213000011', 'Jabatan2', 'user_pg11', '$2y$10$2L16whGJNYkWu79ALkP6xeTpfaOfDXPTUgXquFMfRwIkM5C8UQu46');
INSERT INTO Pegawai (ID_pegawai, nama_pegawai, email_pegawai, no_hp_pegawai, jabatan_pegawai, username, password) VALUES ('PGW012', 'Pegawai12', 'pegawai12@staff.com', '08213000012', 'Jabatan0', 'user_pg12', '$2y$10$Ny0yvltl0XkdBJ/YmZArpe/YqxXsCUH3KrPmJGA4/NaVt15Q4TVkG');
INSERT INTO Pegawai (ID_pegawai, nama_pegawai, email_pegawai, no_hp_pegawai, jabatan_pegawai, username, password) VALUES ('PGW013', 'Pegawai13', 'pegawai13@staff.com', '08213000013', 'Jabatan1', 'user_pg13', '$2y$10$cb473M7Hp0iHwK9BbGE02u8IhWYUxNbEh6vT0DM7Edyz1SCu4KJAK');
INSERT INTO Pegawai (ID_pegawai, nama_pegawai, email_pegawai, no_hp_pegawai, jabatan_pegawai, username, password) VALUES ('PGW014', 'Pegawai14', 'pegawai14@staff.com', '08213000014', 'Jabatan2', 'user_pg14', '$2y$10$6nL1vpSdwQXD/q24ZrA3Rebr0DdfDtGXmomhlYu9CMcytH6zo1zEe');
INSERT INTO Pegawai (ID_pegawai, nama_pegawai, email_pegawai, no_hp_pegawai, jabatan_pegawai, username, password) VALUES ('PGW015', 'Pegawai15', 'pegawai15@staff.com', '08213000015', 'Jabatan0', 'user_pg15', '$2y$10$RHdfwGs0HskdEJ3pdw0KFeUAyv3dFg6MgU9ToYGyQ0.SoDED6wHga');
INSERT INTO Pegawai (ID_pegawai, nama_pegawai, email_pegawai, no_hp_pegawai, jabatan_pegawai, username, password) VALUES ('PGW016', 'Pegawai16', 'pegawai16@staff.com', '08213000016', 'Jabatan1', 'user_pg16', '$2y$10$6wqHVs/ELMwn8yKoW56ZEuTU7M.iSk2GqzRtwwF4Ht8FMOQsGHHxu');
INSERT INTO Pegawai (ID_pegawai, nama_pegawai, email_pegawai, no_hp_pegawai, jabatan_pegawai, username, password) VALUES ('PGW017', 'Pegawai17', 'pegawai17@staff.com', '08213000017', 'Jabatan2', 'user_pg17', '$2y$10$Gwa4JOka2ti1DgW6cLFcO.hid25AiJ5QTqxj1REzh84t3vAtrXiLm');
INSERT INTO Pegawai (ID_pegawai, nama_pegawai, email_pegawai, no_hp_pegawai, jabatan_pegawai, username, password) VALUES ('PGW018', 'Pegawai18', 'pegawai18@staff.com', '08213000018', 'Jabatan0', 'user_pg18', '$2y$10$XyRlqOLyxmY416BVudXiSuB19M3jnPTIPvA/ckw1gCVXQPaLUA2sa');
INSERT INTO Pegawai (ID_pegawai, nama_pegawai, email_pegawai, no_hp_pegawai, jabatan_pegawai, username, password) VALUES ('PGW019', 'Pegawai19', 'pegawai19@staff.com', '08213000019', 'Jabatan1', 'user_pg19', '$2y$10$UEVDcyYuYmLTNqw3nXfewuNQkWy13C.uGwwL6Ci52s0UtxehraJua');

-- Alat
INSERT INTO Alat VALUES ('ALT000', 'Alat0', 0, 'Ruang0', 13);
INSERT INTO Alat VALUES ('ALT001', 'Alat1', 1, 'Ruang1', 11);
INSERT INTO Alat VALUES ('ALT002', 'Alat2', 2, 'Ruang2', 8);
INSERT INTO Alat VALUES ('ALT003', 'Alat3', 0, 'Ruang3', 18);
INSERT INTO Alat VALUES ('ALT004', 'Alat4', 1, 'Ruang4', 11);
INSERT INTO Alat VALUES ('ALT005', 'Alat5', 2, 'Ruang0', 14);
INSERT INTO Alat VALUES ('ALT006', 'Alat6', 0, 'Ruang1', 16);
INSERT INTO Alat VALUES ('ALT007', 'Alat7', 1, 'Ruang2', 19);
INSERT INTO Alat VALUES ('ALT008', 'Alat8', 2, 'Ruang3', 8);
INSERT INTO Alat VALUES ('ALT009', 'Alat9', 0, 'Ruang4', 17);
INSERT INTO Alat VALUES ('ALT010', 'Alat10', 1, 'Ruang0', 19);
INSERT INTO Alat VALUES ('ALT011', 'Alat11', 2, 'Ruang1', 7);
INSERT INTO Alat VALUES ('ALT012', 'Alat12', 0, 'Ruang2', 10);
INSERT INTO Alat VALUES ('ALT013', 'Alat13', 1, 'Ruang3', 19);
INSERT INTO Alat VALUES ('ALT014', 'Alat14', 2, 'Ruang4', 12);
INSERT INTO Alat VALUES ('ALT015', 'Alat15', 0, 'Ruang0', 8);
INSERT INTO Alat VALUES ('ALT016', 'Alat16', 1, 'Ruang1', 12);
INSERT INTO Alat VALUES ('ALT017', 'Alat17', 2, 'Ruang2', 13);
INSERT INTO Alat VALUES ('ALT018', 'Alat18', 0, 'Ruang3', 15);
INSERT INTO Alat VALUES ('ALT019', 'Alat19', 1, 'Ruang4', 9);

-- Kategori
INSERT INTO Kategori VALUES ('KTG000', 'Kategori0', 'Deskripsi kategori 0');
INSERT INTO Kategori VALUES ('KTG001', 'Kategori1', 'Deskripsi kategori 1');
INSERT INTO Kategori VALUES ('KTG002', 'Kategori2', 'Deskripsi kategori 2');
INSERT INTO Kategori VALUES ('KTG003', 'Kategori3', 'Deskripsi kategori 3');
INSERT INTO Kategori VALUES ('KTG004', 'Kategori4', 'Deskripsi kategori 4');
INSERT INTO Kategori VALUES ('KTG005', 'Kategori5', 'Deskripsi kategori 5');
INSERT INTO Kategori VALUES ('KTG006', 'Kategori6', 'Deskripsi kategori 6');
INSERT INTO Kategori VALUES ('KTG007', 'Kategori7', 'Deskripsi kategori 7');
INSERT INTO Kategori VALUES ('KTG008', 'Kategori8', 'Deskripsi kategori 8');
INSERT INTO Kategori VALUES ('KTG009', 'Kategori9', 'Deskripsi kategori 9');
INSERT INTO Kategori VALUES ('KTG010', 'Kategori10', 'Deskripsi kategori 10');
INSERT INTO Kategori VALUES ('KTG011', 'Kategori11', 'Deskripsi kategori 11');
INSERT INTO Kategori VALUES ('KTG012', 'Kategori12', 'Deskripsi kategori 12');
INSERT INTO Kategori VALUES ('KTG013', 'Kategori13', 'Deskripsi kategori 13');
INSERT INTO Kategori VALUES ('KTG014', 'Kategori14', 'Deskripsi kategori 14');
INSERT INTO Kategori VALUES ('KTG015', 'Kategori15', 'Deskripsi kategori 15');
INSERT INTO Kategori VALUES ('KTG016', 'Kategori16', 'Deskripsi kategori 16');
INSERT INTO Kategori VALUES ('KTG017', 'Kategori17', 'Deskripsi kategori 17');
INSERT INTO Kategori VALUES ('KTG018', 'Kategori18', 'Deskripsi kategori 18');
INSERT INTO Kategori VALUES ('KTG019', 'Kategori19', 'Deskripsi kategori 19');

-- Review
INSERT INTO Review VALUES ('REV000', 'Komentar 0', 'Saran 0', '2025-01-01 00:00:00');
INSERT INTO Review VALUES ('REV001', 'Komentar 1', 'Saran 1', '2025-01-02 00:00:00');
INSERT INTO Review VALUES ('REV002', 'Komentar 2', 'Saran 2', '2025-01-03 00:00:00');
INSERT INTO Review VALUES ('REV003', 'Komentar 3', 'Saran 3', '2025-01-04 00:00:00');
INSERT INTO Review VALUES ('REV004', 'Komentar 4', 'Saran 4', '2025-01-05 00:00:00');
INSERT INTO Review VALUES ('REV005', 'Komentar 5', 'Saran 5', '2025-01-06 00:00:00');
INSERT INTO Review VALUES ('REV006', 'Komentar 6', 'Saran 6', '2025-01-07 00:00:00');
INSERT INTO Review VALUES ('REV007', 'Komentar 7', 'Saran 7', '2025-01-08 00:00:00');
INSERT INTO Review VALUES ('REV008', 'Komentar 8', 'Saran 8', '2025-01-09 00:00:00');
INSERT INTO Review VALUES ('REV009', 'Komentar 9', 'Saran 9', '2025-01-10 00:00:00');
INSERT INTO Review VALUES ('REV010', 'Komentar 10', 'Saran 10', '2025-01-11 00:00:00');
INSERT INTO Review VALUES ('REV011', 'Komentar 11', 'Saran 11', '2025-01-12 00:00:00');
INSERT INTO Review VALUES ('REV012', 'Komentar 12', 'Saran 12', '2025-01-13 00:00:00');
INSERT INTO Review VALUES ('REV013', 'Komentar 13', 'Saran 13', '2025-01-14 00:00:00');
INSERT INTO Review VALUES ('REV014', 'Komentar 14', 'Saran 14', '2025-01-15 00:00:00');
INSERT INTO Review VALUES ('REV015', 'Komentar 15', 'Saran 15', '2025-01-16 00:00:00');
INSERT INTO Review VALUES ('REV016', 'Komentar 16', 'Saran 16', '2025-01-17 00:00:00');
INSERT INTO Review VALUES ('REV017', 'Komentar 17', 'Saran 17', '2025-01-18 00:00:00');
INSERT INTO Review VALUES ('REV018', 'Komentar 18', 'Saran 18', '2025-01-19 00:00:00');
INSERT INTO Review VALUES ('REV019', 'Komentar 19', 'Saran 19', '2025-01-20 00:00:00');
INSERT INTO Review VALUES ('REV020', 'Komentar 20', 'Saran 20', '2025-01-21 00:00:00');
INSERT INTO Review VALUES ('REV021', 'Komentar 21', 'Saran 21', '2025-01-22 00:00:00');
INSERT INTO Review VALUES ('REV022', 'Komentar 22', 'Saran 22', '2025-01-23 00:00:00');
INSERT INTO Review VALUES ('REV023', 'Komentar 23', 'Saran 23', '2025-01-24 00:00:00');
INSERT INTO Review VALUES ('REV024', 'Komentar 24', 'Saran 24', '2025-01-25 00:00:00');
INSERT INTO Review VALUES ('REV025', 'Komentar 25', 'Saran 25', '2025-01-26 00:00:00');
INSERT INTO Review VALUES ('REV026', 'Komentar 26', 'Saran 26', '2025-01-27 00:00:00');
INSERT INTO Review VALUES ('REV027', 'Komentar 27', 'Saran 27', '2025-01-28 00:00:00');
INSERT INTO Review VALUES ('REV028', 'Komentar 28', 'Saran 28', '2025-01-29 00:00:00');
INSERT INTO Review VALUES ('REV029', 'Komentar 29', 'Saran 29', '2025-01-30 00:00:00');
INSERT INTO Review VALUES ('REV030', 'Komentar 30', 'Saran 30', '2025-01-31 00:00:00');
INSERT INTO Review VALUES ('REV031', 'Komentar 31', 'Saran 31', '2025-02-01 00:00:00');
INSERT INTO Review VALUES ('REV032', 'Komentar 32', 'Saran 32', '2025-02-02 00:00:00');
INSERT INTO Review VALUES ('REV033', 'Komentar 33', 'Saran 33', '2025-02-03 00:00:00');
INSERT INTO Review VALUES ('REV034', 'Komentar 34', 'Saran 34', '2025-02-04 00:00:00');
INSERT INTO Review VALUES ('REV035', 'Komentar 35', 'Saran 35', '2025-02-05 00:00:00');
INSERT INTO Review VALUES ('REV036', 'Komentar 36', 'Saran 36', '2025-02-06 00:00:00');
INSERT INTO Review VALUES ('REV037', 'Komentar 37', 'Saran 37', '2025-02-07 00:00:00');
INSERT INTO Review VALUES ('REV038', 'Komentar 38', 'Saran 38', '2025-02-08 00:00:00');
INSERT INTO Review VALUES ('REV039', 'Komentar 39', 'Saran 39', '2025-02-09 00:00:00');
INSERT INTO Review VALUES ('REV040', 'Komentar 40', 'Saran 40', '2025-02-10 00:00:00');
INSERT INTO Review VALUES ('REV041', 'Komentar 41', 'Saran 41', '2025-02-11 00:00:00');
INSERT INTO Review VALUES ('REV042', 'Komentar 42', 'Saran 42', '2025-02-12 00:00:00');
INSERT INTO Review VALUES ('REV043', 'Komentar 43', 'Saran 43', '2025-02-13 00:00:00');
INSERT INTO Review VALUES ('REV044', 'Komentar 44', 'Saran 44', '2025-02-14 00:00:00');
INSERT INTO Review VALUES ('REV045', 'Komentar 45', 'Saran 45', '2025-02-15 00:00:00');
INSERT INTO Review VALUES ('REV046', 'Komentar 46', 'Saran 46', '2025-02-16 00:00:00');
INSERT INTO Review VALUES ('REV047', 'Komentar 47', 'Saran 47', '2025-02-17 00:00:00');
INSERT INTO Review VALUES ('REV048', 'Komentar 48', 'Saran 48', '2025-02-18 00:00:00');
INSERT INTO Review VALUES ('REV049', 'Komentar 49', 'Saran 49', '2025-02-19 00:00:00');
INSERT INTO Review VALUES ('REV050', 'Komentar 50', 'Saran 50', '2025-02-20 00:00:00');
INSERT INTO Review VALUES ('REV051', 'Komentar 51', 'Saran 51', '2025-02-21 00:00:00');
INSERT INTO Review VALUES ('REV052', 'Komentar 52', 'Saran 52', '2025-02-22 00:00:00');
INSERT INTO Review VALUES ('REV053', 'Komentar 53', 'Saran 53', '2025-02-23 00:00:00');
INSERT INTO Review VALUES ('REV054', 'Komentar 54', 'Saran 54', '2025-02-24 00:00:00');
INSERT INTO Review VALUES ('REV055', 'Komentar 55', 'Saran 55', '2025-02-25 00:00:00');
INSERT INTO Review VALUES ('REV056', 'Komentar 56', 'Saran 56', '2025-02-26 00:00:00');
INSERT INTO Review VALUES ('REV057', 'Komentar 57', 'Saran 57', '2025-02-27 00:00:00');
INSERT INTO Review VALUES ('REV058', 'Komentar 58', 'Saran 58', '2025-02-28 00:00:00');
INSERT INTO Review VALUES ('REV059', 'Komentar 59', 'Saran 59', '2025-03-01 00:00:00');

-- Peminjaman
INSERT INTO Peminjaman VALUES ('PMJ000', '2025-01-01 00:00:00', '2025-01-04 00:00:00', 'Dipinjam', 'REV000', 'NRP000', 'PGW000');
INSERT INTO Peminjaman VALUES ('PMJ001', '2025-01-02 00:00:00', '2025-01-05 00:00:00', 'Dipinjam', 'REV001', 'NRP001', 'PGW001');
INSERT INTO Peminjaman VALUES ('PMJ002', '2025-01-03 00:00:00', '2025-01-06 00:00:00', 'Dipinjam', 'REV002', 'NRP002', 'PGW002');
INSERT INTO Peminjaman VALUES ('PMJ003', '2025-01-04 00:00:00', '2025-01-07 00:00:00', 'Dipinjam', 'REV003', 'NRP003', 'PGW003');
INSERT INTO Peminjaman VALUES ('PMJ004', '2025-01-05 00:00:00', '2025-01-08 00:00:00', 'Dipinjam', 'REV004', 'NRP004', 'PGW004');
INSERT INTO Peminjaman VALUES ('PMJ005', '2025-01-06 00:00:00', '2025-01-09 00:00:00', 'Dipinjam', 'REV005', 'NRP005', 'PGW005');
INSERT INTO Peminjaman VALUES ('PMJ006', '2025-01-07 00:00:00', '2025-01-10 00:00:00', 'Dipinjam', 'REV006', 'NRP006', 'PGW006');
INSERT INTO Peminjaman VALUES ('PMJ007', '2025-01-08 00:00:00', '2025-01-11 00:00:00', 'Dipinjam', 'REV007', 'NRP007', 'PGW007');
INSERT INTO Peminjaman VALUES ('PMJ008', '2025-01-09 00:00:00', '2025-01-12 00:00:00', 'Dipinjam', 'REV008', 'NRP008', 'PGW008');
INSERT INTO Peminjaman VALUES ('PMJ009', '2025-01-10 00:00:00', '2025-01-13 00:00:00', 'Dipinjam', 'REV009', 'NRP009', 'PGW009');
INSERT INTO Peminjaman VALUES ('PMJ010', '2025-01-11 00:00:00', '2025-01-14 00:00:00', 'Dipinjam', 'REV010', 'NRP010', 'PGW010');
INSERT INTO Peminjaman VALUES ('PMJ011', '2025-01-12 00:00:00', '2025-01-15 00:00:00', 'Dipinjam', 'REV011', 'NRP011', 'PGW011');
INSERT INTO Peminjaman VALUES ('PMJ012', '2025-01-13 00:00:00', '2025-01-16 00:00:00', 'Dipinjam', 'REV012', 'NRP012', 'PGW012');
INSERT INTO Peminjaman VALUES ('PMJ013', '2025-01-14 00:00:00', '2025-01-17 00:00:00', 'Dipinjam', 'REV013', 'NRP013', 'PGW013');
INSERT INTO Peminjaman VALUES ('PMJ014', '2025-01-15 00:00:00', '2025-01-18 00:00:00', 'Dipinjam', 'REV014', 'NRP014', 'PGW014');
INSERT INTO Peminjaman VALUES ('PMJ015', '2025-01-16 00:00:00', '2025-01-19 00:00:00', 'Dipinjam', 'REV015', 'NRP015', 'PGW015');
INSERT INTO Peminjaman VALUES ('PMJ016', '2025-01-17 00:00:00', '2025-01-20 00:00:00', 'Dipinjam', 'REV016', 'NRP016', 'PGW016');
INSERT INTO Peminjaman VALUES ('PMJ017', '2025-01-18 00:00:00', '2025-01-21 00:00:00', 'Dipinjam', 'REV017', 'NRP017', 'PGW017');
INSERT INTO Peminjaman VALUES ('PMJ018', '2025-01-19 00:00:00', '2025-01-22 00:00:00', 'Dipinjam', 'REV018', 'NRP018', 'PGW018');
INSERT INTO Peminjaman VALUES ('PMJ019', '2025-01-20 00:00:00', '2025-01-23 00:00:00', 'Dipinjam', 'REV019', 'NRP019', 'PGW019');
INSERT INTO Peminjaman VALUES ('PMJ020', '2025-01-21 00:00:00', '2025-01-24 00:00:00', 'Dipinjam', 'REV020', 'NRP000', 'PGW000');
INSERT INTO Peminjaman VALUES ('PMJ021', '2025-01-22 00:00:00', '2025-01-25 00:00:00', 'Dipinjam', 'REV021', 'NRP001', 'PGW001');
INSERT INTO Peminjaman VALUES ('PMJ022', '2025-01-23 00:00:00', '2025-01-26 00:00:00', 'Dipinjam', 'REV022', 'NRP002', 'PGW002');
INSERT INTO Peminjaman VALUES ('PMJ023', '2025-01-24 00:00:00', '2025-01-27 00:00:00', 'Dipinjam', 'REV023', 'NRP003', 'PGW003');
INSERT INTO Peminjaman VALUES ('PMJ024', '2025-01-25 00:00:00', '2025-01-28 00:00:00', 'Dipinjam', 'REV024', 'NRP004', 'PGW004');
INSERT INTO Peminjaman VALUES ('PMJ025', '2025-01-26 00:00:00', '2025-01-29 00:00:00', 'Dipinjam', 'REV025', 'NRP005', 'PGW005');
INSERT INTO Peminjaman VALUES ('PMJ026', '2025-01-27 00:00:00', '2025-01-30 00:00:00', 'Dipinjam', 'REV026', 'NRP006', 'PGW006');
INSERT INTO Peminjaman VALUES ('PMJ027', '2025-01-28 00:00:00', '2025-01-31 00:00:00', 'Dipinjam', 'REV027', 'NRP007', 'PGW007');
INSERT INTO Peminjaman VALUES ('PMJ028', '2025-01-29 00:00:00', '2025-02-01 00:00:00', 'Dipinjam', 'REV028', 'NRP008', 'PGW008');
INSERT INTO Peminjaman VALUES ('PMJ029', '2025-01-30 00:00:00', '2025-02-02 00:00:00', 'Dipinjam', 'REV029', 'NRP009', 'PGW009');
INSERT INTO Peminjaman VALUES ('PMJ030', '2025-01-31 00:00:00', '2025-02-03 00:00:00', 'Dipinjam', 'REV030', 'NRP010', 'PGW010');
INSERT INTO Peminjaman VALUES ('PMJ031', '2025-02-01 00:00:00', '2025-02-04 00:00:00', 'Dipinjam', 'REV031', 'NRP011', 'PGW011');
INSERT INTO Peminjaman VALUES ('PMJ032', '2025-02-02 00:00:00', '2025-02-05 00:00:00', 'Dipinjam', 'REV032', 'NRP012', 'PGW012');
INSERT INTO Peminjaman VALUES ('PMJ033', '2025-02-03 00:00:00', '2025-02-06 00:00:00', 'Dipinjam', 'REV033', 'NRP013', 'PGW013');
INSERT INTO Peminjaman VALUES ('PMJ034', '2025-02-04 00:00:00', '2025-02-07 00:00:00', 'Dipinjam', 'REV034', 'NRP014', 'PGW014');
INSERT INTO Peminjaman VALUES ('PMJ035', '2025-02-05 00:00:00', '2025-02-08 00:00:00', 'Dipinjam', 'REV035', 'NRP015', 'PGW015');
INSERT INTO Peminjaman VALUES ('PMJ036', '2025-02-06 00:00:00', '2025-02-09 00:00:00', 'Dipinjam', 'REV036', 'NRP016', 'PGW016');
INSERT INTO Peminjaman VALUES ('PMJ037', '2025-02-07 00:00:00', '2025-02-10 00:00:00', 'Dipinjam', 'REV037', 'NRP017', 'PGW017');
INSERT INTO Peminjaman VALUES ('PMJ038', '2025-02-08 00:00:00', '2025-02-11 00:00:00', 'Dipinjam', 'REV038', 'NRP018', 'PGW018');
INSERT INTO Peminjaman VALUES ('PMJ039', '2025-02-09 00:00:00', '2025-02-12 00:00:00', 'Dipinjam', 'REV039', 'NRP019', 'PGW019');
INSERT INTO Peminjaman VALUES ('PMJ040', '2025-02-10 00:00:00', '2025-02-13 00:00:00', 'Dipinjam', 'REV040', 'NRP000', 'PGW000');
INSERT INTO Peminjaman VALUES ('PMJ041', '2025-02-11 00:00:00', '2025-02-14 00:00:00', 'Dipinjam', 'REV041', 'NRP001', 'PGW001');
INSERT INTO Peminjaman VALUES ('PMJ042', '2025-02-12 00:00:00', '2025-02-15 00:00:00', 'Dipinjam', 'REV042', 'NRP002', 'PGW002');
INSERT INTO Peminjaman VALUES ('PMJ043', '2025-02-13 00:00:00', '2025-02-16 00:00:00', 'Dipinjam', 'REV043', 'NRP003', 'PGW003');
INSERT INTO Peminjaman VALUES ('PMJ044', '2025-02-14 00:00:00', '2025-02-17 00:00:00', 'Dipinjam', 'REV044', 'NRP004', 'PGW004');
INSERT INTO Peminjaman VALUES ('PMJ045', '2025-02-15 00:00:00', '2025-02-18 00:00:00', 'Dipinjam', 'REV045', 'NRP005', 'PGW005');
INSERT INTO Peminjaman VALUES ('PMJ046', '2025-02-16 00:00:00', '2025-02-19 00:00:00', 'Dipinjam', 'REV046', 'NRP006', 'PGW006');
INSERT INTO Peminjaman VALUES ('PMJ047', '2025-02-17 00:00:00', '2025-02-20 00:00:00', 'Dipinjam', 'REV047', 'NRP007', 'PGW007');
INSERT INTO Peminjaman VALUES ('PMJ048', '2025-02-18 00:00:00', '2025-02-21 00:00:00', 'Dipinjam', 'REV048', 'NRP008', 'PGW008');
INSERT INTO Peminjaman VALUES ('PMJ049', '2025-02-19 00:00:00', '2025-02-22 00:00:00', 'Dipinjam', 'REV049', 'NRP009', 'PGW009');
INSERT INTO Peminjaman VALUES ('PMJ050', '2025-02-20 00:00:00', '2025-02-23 00:00:00', 'Dipinjam', 'REV050', 'NRP010', 'PGW010');
INSERT INTO Peminjaman VALUES ('PMJ051', '2025-02-21 00:00:00', '2025-02-24 00:00:00', 'Dipinjam', 'REV051', 'NRP011', 'PGW011');
INSERT INTO Peminjaman VALUES ('PMJ052', '2025-02-22 00:00:00', '2025-02-25 00:00:00', 'Dipinjam', 'REV052', 'NRP012', 'PGW012');
INSERT INTO Peminjaman VALUES ('PMJ053', '2025-02-23 00:00:00', '2025-02-26 00:00:00', 'Dipinjam', 'REV053', 'NRP013', 'PGW013');
INSERT INTO Peminjaman VALUES ('PMJ054', '2025-02-24 00:00:00', '2025-02-27 00:00:00', 'Dipinjam', 'REV054', 'NRP014', 'PGW014');
INSERT INTO Peminjaman VALUES ('PMJ055', '2025-02-25 00:00:00', '2025-02-28 00:00:00', 'Dipinjam', 'REV055', 'NRP015', 'PGW015');
INSERT INTO Peminjaman VALUES ('PMJ056', '2025-02-26 00:00:00', '2025-03-01 00:00:00', 'Dipinjam', 'REV056', 'NRP016', 'PGW016');
INSERT INTO Peminjaman VALUES ('PMJ057', '2025-02-27 00:00:00', '2025-03-02 00:00:00', 'Dipinjam', 'REV057', 'NRP017', 'PGW017');
INSERT INTO Peminjaman VALUES ('PMJ058', '2025-02-28 00:00:00', '2025-03-03 00:00:00', 'Dipinjam', 'REV058', 'NRP018', 'PGW018');
INSERT INTO Peminjaman VALUES ('PMJ059', '2025-03-01 00:00:00', '2025-03-04 00:00:00', 'Dipinjam', 'REV059', 'NRP019', 'PGW019');

-- Peminjaman alat
INSERT INTO Peminjaman_Alat VALUES ('PMJ000', 'ALT000');
INSERT INTO Peminjaman_Alat VALUES ('PMJ001', 'ALT001');
INSERT INTO Peminjaman_Alat VALUES ('PMJ002', 'ALT002');
INSERT INTO Peminjaman_Alat VALUES ('PMJ003', 'ALT003');
INSERT INTO Peminjaman_Alat VALUES ('PMJ004', 'ALT004');
INSERT INTO Peminjaman_Alat VALUES ('PMJ005', 'ALT005');
INSERT INTO Peminjaman_Alat VALUES ('PMJ006', 'ALT006');
INSERT INTO Peminjaman_Alat VALUES ('PMJ007', 'ALT007');
INSERT INTO Peminjaman_Alat VALUES ('PMJ008', 'ALT008');
INSERT INTO Peminjaman_Alat VALUES ('PMJ009', 'ALT009');
INSERT INTO Peminjaman_Alat VALUES ('PMJ010', 'ALT010');
INSERT INTO Peminjaman_Alat VALUES ('PMJ011', 'ALT011');
INSERT INTO Peminjaman_Alat VALUES ('PMJ012', 'ALT012');
INSERT INTO Peminjaman_Alat VALUES ('PMJ013', 'ALT013');
INSERT INTO Peminjaman_Alat VALUES ('PMJ014', 'ALT014');
INSERT INTO Peminjaman_Alat VALUES ('PMJ015', 'ALT015');
INSERT INTO Peminjaman_Alat VALUES ('PMJ016', 'ALT016');
INSERT INTO Peminjaman_Alat VALUES ('PMJ017', 'ALT017');
INSERT INTO Peminjaman_Alat VALUES ('PMJ018', 'ALT018');
INSERT INTO Peminjaman_Alat VALUES ('PMJ019', 'ALT019');
INSERT INTO Peminjaman_Alat VALUES ('PMJ020', 'ALT000');
INSERT INTO Peminjaman_Alat VALUES ('PMJ021', 'ALT001');
INSERT INTO Peminjaman_Alat VALUES ('PMJ022', 'ALT002');
INSERT INTO Peminjaman_Alat VALUES ('PMJ023', 'ALT003');
INSERT INTO Peminjaman_Alat VALUES ('PMJ024', 'ALT004');
INSERT INTO Peminjaman_Alat VALUES ('PMJ025', 'ALT005');
INSERT INTO Peminjaman_Alat VALUES ('PMJ026', 'ALT006');
INSERT INTO Peminjaman_Alat VALUES ('PMJ027', 'ALT007');
INSERT INTO Peminjaman_Alat VALUES ('PMJ028', 'ALT008');
INSERT INTO Peminjaman_Alat VALUES ('PMJ029', 'ALT009');
INSERT INTO Peminjaman_Alat VALUES ('PMJ030', 'ALT010');
INSERT INTO Peminjaman_Alat VALUES ('PMJ031', 'ALT011');
INSERT INTO Peminjaman_Alat VALUES ('PMJ032', 'ALT012');
INSERT INTO Peminjaman_Alat VALUES ('PMJ033', 'ALT013');
INSERT INTO Peminjaman_Alat VALUES ('PMJ034', 'ALT014');
INSERT INTO Peminjaman_Alat VALUES ('PMJ035', 'ALT015');
INSERT INTO Peminjaman_Alat VALUES ('PMJ036', 'ALT016');
INSERT INTO Peminjaman_Alat VALUES ('PMJ037', 'ALT017');
INSERT INTO Peminjaman_Alat VALUES ('PMJ038', 'ALT018');
INSERT INTO Peminjaman_Alat VALUES ('PMJ039', 'ALT019');
INSERT INTO Peminjaman_Alat VALUES ('PMJ040', 'ALT000');
INSERT INTO Peminjaman_Alat VALUES ('PMJ041', 'ALT001');
INSERT INTO Peminjaman_Alat VALUES ('PMJ042', 'ALT002');
INSERT INTO Peminjaman_Alat VALUES ('PMJ043', 'ALT003');
INSERT INTO Peminjaman_Alat VALUES ('PMJ044', 'ALT004');
INSERT INTO Peminjaman_Alat VALUES ('PMJ045', 'ALT005');
INSERT INTO Peminjaman_Alat VALUES ('PMJ046', 'ALT006');
INSERT INTO Peminjaman_Alat VALUES ('PMJ047', 'ALT007');
INSERT INTO Peminjaman_Alat VALUES ('PMJ048', 'ALT008');
INSERT INTO Peminjaman_Alat VALUES ('PMJ049', 'ALT009');
INSERT INTO Peminjaman_Alat VALUES ('PMJ050', 'ALT010');
INSERT INTO Peminjaman_Alat VALUES ('PMJ051', 'ALT011');
INSERT INTO Peminjaman_Alat VALUES ('PMJ052', 'ALT012');
INSERT INTO Peminjaman_Alat VALUES ('PMJ053', 'ALT013');
INSERT INTO Peminjaman_Alat VALUES ('PMJ054', 'ALT014');
INSERT INTO Peminjaman_Alat VALUES ('PMJ055', 'ALT015');
INSERT INTO Peminjaman_Alat VALUES ('PMJ056', 'ALT016');
INSERT INTO Peminjaman_Alat VALUES ('PMJ057', 'ALT017');
INSERT INTO Peminjaman_Alat VALUES ('PMJ058', 'ALT018');
INSERT INTO Peminjaman_Alat VALUES ('PMJ059', 'ALT019');

-- Alat Kategori
INSERT INTO Alat_Kategori VALUES ('ALT000', 'KTG000');
INSERT INTO Alat_Kategori VALUES ('ALT001', 'KTG001');
INSERT INTO Alat_Kategori VALUES ('ALT002', 'KTG002');
INSERT INTO Alat_Kategori VALUES ('ALT003', 'KTG003');
INSERT INTO Alat_Kategori VALUES ('ALT004', 'KTG004');
INSERT INTO Alat_Kategori VALUES ('ALT005', 'KTG005');
INSERT INTO Alat_Kategori VALUES ('ALT006', 'KTG006');
INSERT INTO Alat_Kategori VALUES ('ALT007', 'KTG007');
INSERT INTO Alat_Kategori VALUES ('ALT008', 'KTG008');
INSERT INTO Alat_Kategori VALUES ('ALT009', 'KTG009');
INSERT INTO Alat_Kategori VALUES ('ALT010', 'KTG010');
INSERT INTO Alat_Kategori VALUES ('ALT011', 'KTG011');
INSERT INTO Alat_Kategori VALUES ('ALT012', 'KTG012');
INSERT INTO Alat_Kategori VALUES ('ALT013', 'KTG013');
INSERT INTO Alat_Kategori VALUES ('ALT014', 'KTG014');
INSERT INTO Alat_Kategori VALUES ('ALT015', 'KTG015');
INSERT INTO Alat_Kategori VALUES ('ALT016', 'KTG016');
INSERT INTO Alat_Kategori VALUES ('ALT017', 'KTG017');
INSERT INTO Alat_Kategori VALUES ('ALT018', 'KTG018');
INSERT INTO Alat_Kategori VALUES ('ALT019', 'KTG019');
INSERT INTO Alat_Kategori VALUES ('ALT000', 'KTG000');
INSERT INTO Alat_Kategori VALUES ('ALT001', 'KTG001');
INSERT INTO Alat_Kategori VALUES ('ALT002', 'KTG002');
INSERT INTO Alat_Kategori VALUES ('ALT003', 'KTG003');
INSERT INTO Alat_Kategori VALUES ('ALT004', 'KTG004');
INSERT INTO Alat_Kategori VALUES ('ALT005', 'KTG005');
INSERT INTO Alat_Kategori VALUES ('ALT006', 'KTG006');
INSERT INTO Alat_Kategori VALUES ('ALT007', 'KTG007');
INSERT INTO Alat_Kategori VALUES ('ALT008', 'KTG008');
INSERT INTO Alat_Kategori VALUES ('ALT009', 'KTG009');
INSERT INTO Alat_Kategori VALUES ('ALT010', 'KTG010');
INSERT INTO Alat_Kategori VALUES ('ALT011', 'KTG011');
INSERT INTO Alat_Kategori VALUES ('ALT012', 'KTG012');
INSERT INTO Alat_Kategori VALUES ('ALT013', 'KTG013');
INSERT INTO Alat_Kategori VALUES ('ALT014', 'KTG014');
INSERT INTO Alat_Kategori VALUES ('ALT015', 'KTG015');
INSERT INTO Alat_Kategori VALUES ('ALT016', 'KTG016');
INSERT INTO Alat_Kategori VALUES ('ALT017', 'KTG017');
INSERT INTO Alat_Kategori VALUES ('ALT018', 'KTG018');
INSERT INTO Alat_Kategori VALUES ('ALT019', 'KTG019');